,nhits,y
r2,0.02667274640707984,1.0
mae,1156.8582500791122,0.0
rmse,1401.7696958011504,0.0
