,nhits,y
r2,-43.47173070651398,1.0
mae,3692.947717902996,0.0
rmse,4434.059377180063,0.0
