,nhits,y
r2,-6.129683967208189,1.0
mae,1390.2712506158161,0.0
rmse,1844.7727755208446,0.0
