,nhits,y
r2,-5.329373824756694,1.0
mae,3284.9508438072926,0.0
rmse,3985.960490313219,0.0
