,nhits,y
r2,-0.8296702167750625,1.0
mae,330.95926745258276,0.0
rmse,398.4279484350539,0.0
