,nhits,y
r2,-35.335284261563515,1.0
mae,4556.624920566782,0.0
rmse,7527.350252601724,0.0
