,nhits,y
r2,-2.9345297874522407,1.0
mae,254.23066764684972,0.0
rmse,329.70143110583876,0.0
