,nhits,y
r2,-1.7735460243616257,1.0
mae,1518.6837299786514,0.0
rmse,1860.8298991379681,0.0
