,nhits,y
r2,-1.3300858866767378,1.0
mae,330.2555266173635,0.0
rmse,409.41278804713795,0.0
