,nhits,y
r2,-2.1602868632436176,1.0
mae,307.96043912690936,0.0
rmse,394.77290501906845,0.0
