,nhits,y
r2,-1.5846203188599133,1.0
mae,445.76168086979175,0.0
rmse,538.4048980078322,0.0
