,nhits,y
r2,-7.571249942006718,1.0
mae,2794.6471053435052,0.0
rmse,3011.6696323186984,0.0
