,nhits,y
r2,-0.8785245164731259,1.0
mae,511.3389931671585,0.0
rmse,657.8899802590397,0.0
