,nhits,y
r2,-0.10828986903535509,1.0
mae,340.2607397123297,0.0
rmse,411.0150409863658,0.0
