,nhits,y
r2,-1.0301339083400594,1.0
mae,168.37481086326983,0.0
rmse,214.77621440937278,0.0
