,nhits,y
r2,0.09861674565364986,1.0
mae,77.24198242288688,0.0
rmse,90.726073170143,0.0
